id_video,titulo,dt_publicacao,id_canal,canal,dt_trending,cont_views,likes,dislikes,cont_comentarios,descricao,categoria
5EgHtwjzO6Q,DECORAÇÃO QUARTO ESTILO PINTEREST - NINA,2020-10-11 19:00:11+00:00,UC9cz3FnqBZHoQS8ucziPIOQ,Dica Da Ka,2020-10-17 00:00:00+00:00,93789,7181,69,158,"Nesse vídeo mostrei a decoração clean que escolhi para o quarto da Nina, uma decoração estilo Pinterest.A Nina já havia me mostrado muitas referências no Pinterest e todas com esse estilo clean e com o tom do verde agua.Decidi reutilizar alguns objetos e móveis de decoração que já tinham no quarto e fazer uma proposta totalmente diferente da última casa.",People & Blogs
yScXLw26ANM,SpiderRusso Movimento de Parkour,2021-07-12 20:29:20+00:00,UCSGxK7HHQ15o2KOWu8pCnWw,Spider Russo Oficial,2021-07-21 00:00:00+00:00,862683,131066,5392,453,Acrobacia por cima da água #parkour #homemaranha #spiderrusso #shorts,Entertainment
jvtpEPQxOsM,"Astralis vs G2, Furia vs MIBR | BLAST Premier Fall Series Group 3 Day 2",2020-11-04 04:59:33+00:00,UC9k--dE_UE0Faxzgb_DDkYQ,BLAST Premier,2020-11-10 00:00:00+00:00,716134,10766,186,66,"Subscribe for all the BLAST Premier Fall Series Live Streams!TIMESTAMPS:00:00:00 Countdown00:24:58 Show Start00:56:14 Astralis vs G2 - Dust202:04:50 Astralis vs G2 - Nuke03:23:03 Astralis vs G2 - Inferno05:23:07 Furia vs MIBR - Nuke06:32:38 Furia vs MIBR - Inferno08:07:35 Furia vs MIBR - VertigoGroup 1: NAVI, NIP, EG and OGGroup 2: Complexity, Team Vitality, BIG and Faze Group 3: Astralis, FURIA, MIBR and G2Join in the funhttps://blastpremier.com/fancam/https://twitter.com/BLASTPremierhttps://discord.gg/Rhmkwybhttps://www.instagram.com/blastpremier/ #BLASTPremier #CSGO #BLASTFinalThis is BLAST Premier, the YouTube channel dedicated to bringing you the very best in competitive CSGO. For live streams, highlights, top plays and just a bit of fun subscribe:  http://www.youtube.com/channel/UC9k--dE_UE0Faxzgb_DDkYQ?sub_confirmation=1",Gaming
DhlZrS3FQcM,ESTOU GRAVIDA? ESTOU MORANDO SOZINHA? CORTEI O CABELO?,2021-03-30 13:59:48+00:00,UCj4djAcrjt2NSmPiZh-W1Wg,Ficando Gata,2021-04-09 00:00:00+00:00,138009,19593,172,2160,ESMALTE DE HOJE: cor Banho de lavanda HaskellBATOM: Lip Volumoso cor 05 da Max Love + Lip tint Boca RosaGostaria de enviar alguma coisa para mim?Envie através da minha caixa postal:A/C: Beatriz SiqueiraCaixa Postal: 106Cep: 15130-970Mirassol - SPINFORMAÇÕES ABAIXO ↓ 🔸EMAIL - CONTATO PROFISSIONAL: Ficandogatablog@gmail.com🔸INSTAGRAM: http://www.instagram.com/ficandogataa🔸 FAN PAGE: https://www.facebook.com/ficandogataa,People & Blogs
KRkmV7LUvrg,Flamengo x Resende AO VIVO na Fla TV | Carioca Sub-20 2020,2020-09-26 20:34:14+00:00,UCOa-WaNwQaoyFHLCDk7qKIw,FLA TV,2020-10-02 00:00:00+00:00,606178,36726,632,161,"Acompanhe AO VIVO na #FlaTV (com imagens) o jogo entre #Flamengo e Resende, na Gávea, válido pela fase de grupos da Taça Guanabara do Carioca Sub-20. A bola rola às 15h (de Brasília) e a Fla TV abre o pré-jogo a partir das 14h15, com narração de Emerson Santos, comentários de Ian Sena e reportagem de Julie Santos. #CariocaSub20 #GarotosDoNinhoTAÇA GUANABARA SUB-20 2020Flamengo x ResendeSábado, 26/09/2020Estádio José Bastos Padilha (Gávea)ESCALAÇÃO FLAMENGO1  - Bruno2  - Breno3  - Mandovani4  - Leo Xavier6  - Sidney5  - Daniel Campos8  - Pedro Martins10- Victor Hugo ⚽️7  - Ronald9  - Mateus Dias ⚽️11- Werton ⚽️⚽️ (21 - Jean Sales)Técnico: Mario JorgeInscreva-se na #FlaTV. Vídeos todos os dias!Subscribe to Flamengo channel, a 40-million-fans nation. Join us!----------Com você o Mengão vai mais longe!Seja sócio-torcedor: http://mengo.com.br𝗦𝗶𝗴𝗮 𝗼 𝗙𝗹𝗮𝗺𝗲𝗻𝗴𝗼 𝗻𝗮𝘀 𝗿𝗲𝗱𝗲𝘀:𝗜𝗻𝘀𝘁𝗮𝗴𝗿𝗮𝗺: https://www.instagram.com/flamengo𝗧𝗶𝗸𝗧𝗼𝗸: https://www.tiktok.com/@flamengo𝗧𝘄𝗶𝘁𝘁𝗲𝗿: https://twitter.com/Flamengo𝗙𝗮𝗰𝗲𝗯𝗼𝗼𝗸: https://www.facebook.com/FlamengoOficial",Sports
_tpRhRyyUpM,A REFORMA DA MINHA XT660 FICOU PRONTA,2021-02-03 15:00:11+00:00,UCs1JevIKnU4E4ULMZr-0Qog,Hugo Milgrau,2021-02-13 00:00:00+00:00,563612,51273,625,1579,Me siga no Insta: @hugooficialMeu face: http://facebook.com/hugo.milgrauQUER ME ENVIAR PRESENTES?Caixa Postal numero 16CEP: 72800 970Luziânia-GO,Entertainment
xOEK1zizQkA,"Mulheres depois dos 40: como manter o equilíbrio físico, mental e espiritual | Patrícia Cândido #19",2021-07-16 00:17:11+00:00,UCR1MM1-bUFZsr9B9OEPojUQ,Fitoenergética,2021-07-22 00:00:00+00:00,31228,4663,43,232,"🌿 Inscreva-se para participar da Imersão Alquimista das Ervas: https://www.luzdaserra.com.br/fito🍀 Inscreva-se para ser avisado das aulas que acontecem todas Quintas às 16 horas : https://www.luzdaserra.com.br/16h📱 NOSSO GRUPO NO TELEGRAM →   https://www.luzdaserra.com.br/telegram Acesse a página e entre para nosso exclusivo no Telegram, caso você não saiba instalar não se preocupe, lá temos o tutorial completo para você. Aproveite 😍💛 Baixe o novo aplicativo Guru Luz da Serra: https://www.luzdaserra.com.br/guru-luzdaserra________________________________________________📸 Nosso Instagram ↴@brunojgimenes → http://instagram.com/brunojgimenes@pat.candido → http://instagram.com/pat.candido________________________________________________📹 Se inscreva em nosso canal: https://www.youtube.com/channel/UCR1M...________________________________________________📚 TAGS: #luzdaserra #fitoenergetica #patríciacândido",Education
Vve1vy61HSQ,SBK 2020 1ª Etapa Interlagos-SP - SuperBike Evolution 1000cc - Corrida na íntegra,2020-08-30 13:47:14+00:00,UC2nig5M6hLpKbTB4Yc7cQ9A,SuperBikeBrasil,2020-09-03 00:00:00+00:00,33636,929,10,14,,Sports
Anuis5pxUFg,MOMENTOS MAIS ENGRAÇADOS DO FALAIDEARO,2020-08-22 16:30:01+00:00,UCCJC7YIZytEccbU0AWQIBHA,Falaidearo,2020-08-29 00:00:00+00:00,1784236,81219,2662,5379,"E no vídeo de hoje, separamos os melhores e mais engraçados momentos desse canal. Promoção Compre 1 moletom e GANHE 2 camisetas*Válido até Domingo 23/08/20  Cupom: LOLJAFAZ8Compre aqui: https://www.lolja.com.br/parceiros/falaidearo/SEGUE A GENTE!✔ Instagram: @ogabrieldearo https://www.instagram.com/ogabrieldearo@Manudigilio https://www.instagram.com/manudigilio/✔ Twitter: @Ogabrieldearo https://twitter.com/ogabrieldearo@Manudigilio https://twitter.com/manudigilio✔ Facebook:Falaidearo https://www.facebook.com/superdearo/Dearo e Manu https://www.facebook.com/dearoemanuContato Profissional:superdearo@gmail.comCaixa Postal: 3003CEP: 14010-971Ribeirão Preto - SP- - - - - - - - - - - - - - - - - - - - - - - - - - - - - - - - - - - - - - - - - - - - - - - - - - - - - - - - - Conheça nossos outros canais:Dearo e Manu: https://www.youtube.com/dearoemanuOperação Cinema: https://www.youtube.com/operacaocinema- - - - - - - - - - - - - - - - - - - - - - - - - - - - - - - - - - - - - - - - - - - - - - - - - - - - - - - - - Canal FalaidearoGabriel DearoManuela Digilio- - - - - - - - - - - - - - - - - - - - - - - - - - - - - - - - - - - - - - - - - - - - - - - - - - - - - - - - - - - - - - -Músicas do vídeo:epidemicsound.com/",Entertainment
qazfLF6QdqE,Andressa Urach - Noite Virou Dia (Clipe Oficial),2020-08-14 03:00:08+00:00,UCuxV-qqrGe5hnhS_x6j5IdA,Andressa Urach Oficial,2020-08-19 00:00:00+00:00,190458,28749,705,2251,"MUSICA: Noite Virou DiaCantora: Andressa Urach (@andressaurachoficial)Compositora: Elisa Hares (@elisahares)GRAVADORA: MJC Gospel (@mjcgospel)http://www.mjcmusic.com.brPRODUTOR MUSICAL: Rafael Oliveira (@rafaeloliveiraoficiall)Riomar Studios (@riomarstudios)http://www.riomarstudios.com.brCLIPE:Clipe: Jah Agência Direção de arte: Paulo Júnior (pj_rock)Ilustração e Animação: Renato Gangemi Finalização: Alison LeiteLETRA:E se eu disser por onde andei Nessa estrada louca, contra mão da vidaE se eu disser o quanto erreiConsiderando essa loucura como minha melhor amigaAh, tantos desejosMe entreguei!Morri pra viverPerdi pra ganharEu não sabia onde era o meu lugarA rejeição e toda dorAlimentando um sentimento de vingançaEu não sabia o que era o amorA minha vida um labirinto sem esperançaAh, tantos desejosMe entreguei!Morri pra viverPerdi pra ganharEu não sabia onde era o meu lugarAssim como a águia que renova as suas forçasAssim como sol que vem tocar a almaA noite virou diaA minha noite virou dia Assim como a águia que renova as suas forçasAssim como sol que vem tocar a almaA noite virou diaA minha noite virou dia, noite virou dia.A minha noite virou dia",Music
whxd-jw0NtA,DESAFIO DA BOLA ALIENÍGENA! BRUXO X MAYCON...,2020-09-15 21:00:08+00:00,UCyTqiBJSKWYNSMVcbm__OVw,O mundo da Sinuca Videos,2020-09-21 00:00:00+00:00,239987,12686,230,314,"Salve Sinuqueiros! MAYCON X BAIANINHO , DESAFIO PRA MATAR A BOLADeixa um comentário aí em baixo e avalie e conteúdo! =============================================PARCEIROS:* @Papaguara* @MaxxiTacos * IAG Serviços Gráficos (11 2295-6856)* Tonhão Motos (81 3631.1691)=============================================Face/Insta: @omundodasinucaMeu Insta: @p.aulohenriqueContato: omundodasinuca@gmail.comGrato a Todos!",Entertainment
PkXIxJ9bVws,MC Paulin da Capital - Incrível (Áudio Oficial) DJ GM e DJ Thi Marquez,2021-04-27 21:00:18+00:00,UCHD-HavJ83eIGODju2KSfFw,MC Paulin Da Capital,2021-05-06 00:00:00+00:00,386904,27636,185,946,Canal Oficial #McPaulinDaCapitalSe inscreva no canal e ative o sino de notificação para não perder nenhum lançamento!Artista: MC Paulin da CapitalMúsica: IncrívelProdução: DJ GM e DJ Thi MarquezInstagram : @mcpaulindacapital Siga meu perfil no spotify e ouça todas minhas músicas: https://open.spotify.com/artist/592JnViQ2tot63c1SbtgK2?si=ivOH94RPQFWcRdUmW5DVTAContrate:011 971362436 (GUIGA)#Incrível,Music
62n2LWjMqiE,Highlights: Liverpool 2-1 Tottenham | Firmino wins it late at Anfield,2020-12-17 00:00:03+00:00,UC9LQwHZoucFT94I2h6JOcjw,Liverpool FC,2020-12-25 00:00:00+00:00,3908037,57129,2304,2571,"Watch the key events from Anfield, where Roberto Firmino's late header from Andy Robertson's corner, sealed all three points for LFC, and put Jürgen Klopp's men top of the Premier League.Enjoy more content and get exclusive perks in our Liverpool FC Members Area, click here to find out more: https://www.youtube.com/LiverpoolFC/joinSubscribe now to Liverpool FC on YouTube now and get notified when new videos land: https://www.youtube.com/subscription_center?add_user=LiverpoolFC",Sports
K9ehE0S1IwA,ESPECIAL DE NATAL BRASIL PARALELO | Episódio 1/3,2020-12-14 23:00:13+00:00,UCKDjjeeBmdaiicey2nImISw,Brasil Paralelo,2020-12-25 00:00:00+00:00,1015809,110613,1380,7599,Presenteie quem você ama com algo que vale para vida toda: o conhecimento.Faça sua assinatura por apenas R$10 mensais e ganhe outra para dar de presente: https://bit.ly/3gFrxnq,Education
Fcl30mWtJQU,Nexus War Launch Trailer for Fortnite Chapter 2 - Season 4,2020-08-27 06:00:10+00:00,UClG8odDC8TS6Zpqk9CGVQiQ,Fortnite,2020-09-01 00:00:00+00:00,10260557,369217,22909,42482,"Discover how the Heroes and Villains of Marvel ended up on the Island. Learn more: https://www.epicgames.com/fortnite/en-US/chapter-2-season-4The Lore, Legends, Heroes and Villains from @Marvel have arrived in Fortnite. Join the fight and take on Galactus to save all of Reality. Awaken the Hero and Villain within, board the Helicarrier and drop into #FortniteNexusWar now!Play Fortnite Battle Royale, the completely free 100-player PvP mode. One giant map, A Battle Bus, Last one standing wins. ESRB Rating: Teen with Violence.Follow FortniteInstagram: https://www.instagram.com/fortnite/Twitter: https://twitter.com/FortniteGameFacebook: https://www.facebook.com/FortniteGame/Follow MarvelInstagram: https://www.instagram.com/marvel/Twitter: https://twitter.com/Marvel/Facebook: https://www.facebook.com/Marvel/Learn More: https://www.epicgames.com/fortnite/home#FortniteSeason4 #NexusWar #FortniteMarvel #MarvelFortnite",Gaming
Ni_o0YPZsX4,10 MELHORES SÉRIES de 2020! 👍😍,2020-12-28 21:30:01+00:00,UCBFLqK7PAP9DQ3JpIrWFI7w,Pipocando,2021-01-07 00:00:00+00:00,466503,51840,466,1462,"A Philco lançou o HIT P10, o mais novo hit entre os smartphones para quem curte filmes e séries. Acesse o link e garanta o seu!https://bit.ly/33Xn9e9O ano brindou os fãs com encerramentos incríveis como “BoJack Horseman” e “Dark”, além de trazer novidades tipo “O Gambito da Rainha”. Chegou a hora de falar dessas e outras que foram as MELHORES SÉRIES DE 2020!------------------------------------------------------------------------------------Inscreva-se no canal: http://bit.ly/1T6Yve4Assista outras curiosidades: http://bit.ly/1e3e5r5Fanpage: https://www.facebook.com/pipocandooficial----------- ENCONTRE A GENTE POR AÍ ----------//ROLANDINHOhttp://twitter.com/rolandinhohttp://instagram.com/rolandinhobr//BRUNO BOCKhttp://twitter.com/brunobockhttp://instagram.com/brunobock",Entertainment
PohpFZZ-bMI,Billie Eilish: The World’s A Little Blurry - Live Premiere Event,2021-02-28 18:35:45+00:00,UCiGm_E4ZwYSHV3bcW1pnSeQ,Billie Eilish,2021-03-07 00:00:00+00:00,1858220,235376,1473,17625,"Watch the Live Premiere Event for Billie Eilish: The World’s A Little Blurry, a new Apple Original Film, featuring a conversation with Zane Lowe and a special performance. Watch the film exclusively on Apple TV+. https://apple.co/theworldsalittleblurryApple TV+ is available on the Apple TV app including iPhone, iPad, Apple TV, iPod touch, Mac, select Samsung, LG, Sony and VIZIO smart TVs, Amazon Fire TV and Roku devices, Chromecast with Google TV, PlayStation and Xbox consoles, and at tv.apple.com. Just look for the Apple TV app and if you don’t have it go the App Store on your device and download it. If you’ve bought an Apple device like an iPhone, iPad or MacBook recently, you have Apple TV Plus included already. The new Apple Original Film Billie Eilish: The World’s A Little Blurry” tells the true coming-of-age story of the singer-songwriter and her rise to global superstardom. From award-winning filmmaker R.J. Cutler, the film offers a deeply intimate look at this extraordinary teenager’s journey, at just seventeen years old, navigating life on the road, on stage, and at home with her family, while writing, recording and releasing her debut album “WHEN WE ALL FALL ASLEEP, WHERE DO WE GO?”  The documentary is from Apple Original Films, in association with Interscope Films, Darkroom, This Machine and Lighthouse Management & Media. Directed by R.J. Cutler and starring Billie Eilish, Finneas O’Connell, Maggie Baird, and Patrick O’Connell as themselves.  Follow Billie Eilish: Instagram: https://www.instagram.com/billieeilish​ Facebook: https://www.facebook.com/billieeilish​ YouTube: https://www.youtube.com/BillieEilish​TikTok: https://www.tiktok.com/@billieeilishTwitter: https://twitter.com/billieeilish​ Email: http://smarturl.it/BillieEilishEmail​  Shop “The World’s A Little Blurry” collection: http://store.billieeilish.com   Follow Apple TV: Instagram: https://instagram.com/AppleTV​ Facebook: https://facebook.com/AppleTV​ Twitter: https://twitter.com/AppleTV​ Giphy: https://giphy.com/AppleTV​ More from Apple TV: https://apple.co/32qgOEJ​ Subscribe to Apple TV’s YouTube channel: https://apple.co/AppleTVYouTube​  Apple TV+ is a streaming service with original stories from the most creative minds in TV and film. Watch now on the Apple TV app: https://apple.co/_AppleTVapp​  #BillieEilish​ #TheWorldsALittleBlurry​ #Documentary",Music
ZSy-paWVJxY,Os Barões da Pisadinha - Meia Noite (Ce Tem Meu Whatsapp) (Ao Vivo),2021-01-22 14:00:10+00:00,UCqNSlyRZyMjVBHJ_Iqr5VGg,BaroesPisadinhaVEVO,2021-01-31 00:00:00+00:00,6463910,109501,1770,2721,"Vídeo Oficial de Meia Noite (Cê Tem Meu Whatsapp) de Os Barões da Pisadinha.Ouça nos apps de música: https://smb.lnk.to/EsquemaPreferidoAoVivoSe inscreva no nosso canal no YouTube: https://SME.lnk.to/BaroesnoYTLETRA:Cê vai deixar a porta abertaPara o nosso encontro?Meia-noite estou aí em pontoDaquele jeito, pra gente se amarFaz tempo que tô te olhando e te desejandoE você sabe, fica disfarçandoPro seu marido não notarEu sei, você tava carente, pois já me falouMas na verdade fui eu quem gostouQuando a gente fez amorCê tem meu WhatsAppQuando der vontadeSe sentir saudadeSe sentir carenteOu lembrar da genteMe chama que eu vouE no sofá da salaNa rede armadaDentro do banheiroEmbaixo do chuveiroOu na sua camaA gente faz amorCê vai deixar a porta abertaPara o nosso encontro?Meia-noite estou aí em pontoDaquele jeito, pra gente se amarFaz tempo que eu tô te olhando e te desejandoE você sabe, fica disfarçandoPro seu marido não notar…Produção Musical: Felipe BarãoSiga Os Barões da Pisadinha nas redes sociais: https://www.facebook.com/osbaroesdapisadinhaofficialhttps://www.instagram.com/osbaroesdapisadinhaoficial/https://twitter.com/osbaroesofc#OsBarõesDaPisadinha #CêTemMeuWhatsapp #DaRoçaPraCidade",Music
QdEg376t0VI,SÃO PAULO 4X3 LANÚS - ANÁLISE E NOTAS,2020-11-05 01:20:02+00:00,UC0GUaQ6lVzvu0FWklbsKFhg,BAROLO VÍDEOS,2020-11-11 00:00:00+00:00,279427,31874,474,4341,FOOTBALL TEAM: https://br.footballteamgame.com/join/p/bar0loo SOU CANDIDATO A VEREADOR PPR SÃO PAULODIA 15 VOTE: BAROLO - 51633Contato Barolo: rbarolo@hotmail.com FACE E INSTA : barolovideos TWITTER: @rbarolo @blogdobarolo CANAL BOTEKO DO BAROLO:https://www.youtube.com/channel/UCukVuQspRmzLqHk-7lxltUQCANAL RESENHA TRICOLOR: https://www.youtube.com/channel/UCOgL... PRODUTOS DO CANAL:https://www.qestilos.com.br/search/?q... Facebook: CellosOficial Qestilos Instagram: QestilosCelebridades oficiais Sites oficiais: www.usecellos.com.br www.qestilos.com.br,Sports
8vVc8Celyso,ALEXA,2021-08-06 22:04:14+00:00,UCCoDqrBGLRIM8Ih8RApfk2A,EMI,2021-08-16 00:00:00+00:00,392385,43867,149,1232,Vídeo original por @islamsousa ❀  PERSIGA-ME! ❀  ✿Minhas redes: https://bit.ly/36Cwklm,Entertainment
